switch_step,x_star,N,observed,J,noise,pulse_fraction,lag_steps,seed,pre_m,pre_b,pre_coherence,pre_fragmentation,pre_matched_error,pre_lag_error,pre_wrong_error,transition_m,transition_b,transition_coherence,transition_fragmentation,transition_matched_error,transition_lag_error,transition_wrong_error,post_m,post_b,post_coherence,post_fragmentation,post_matched_error,post_lag_error,post_wrong_error,mismatch_count,mismatch_start,mismatch_end,pre_sector,post_sector,phase,case
1428,1.0,64,16,0.45,0.06,1.0,120,1,0.9911610030886656,0.9911763262151685,1.0,0.0,0.005832116502227704,0.005832116502227704,1.2942492889133568,-0.9277455645269601,-0.9277406355925002,0.9994791666666667,0.0005208333333333333,0.217674392910995,0.9641474531806958,1.2938315313241957,-1.0066389056250304,-1.0067485714155568,1.0,0.0,0.004294899034685259,0.004294899034685259,1.3042769056295853,120,1428,1547,1,-1,coherent_switch_with_decoder_lag,coherent_switch
1428,1.0,64,16,0.45,0.06,1.0,120,2,0.9911722678666178,0.9910614846650506,1.0,0.0,0.005837231321750395,0.005837231321750395,1.2943007482338502,-0.9278861466771278,-0.9279214997186821,0.9998263888888889,0.00017361111111111112,0.21770709774453756,0.9642247328867002,1.2938344934091413,-1.0066528411292783,-1.006749291348524,1.0,0.0,0.004295474691082527,0.004295474691082527,1.304290589157295,120,1428,1547,1,-1,coherent_switch_with_decoder_lag,coherent_switch
1428,1.0,64,16,0.45,0.06,1.0,120,3,0.9911391467161144,0.9910465662028227,1.0,0.0,0.0058351555736813315,0.0058351555736813315,1.2942728485451263,-0.927786815386005,-0.9281085759568102,0.9991319444444444,0.0008680555555555555,0.2177100453564323,0.9640599249122327,1.2937592123987949,-1.0066842761619337,-1.0067543035623858,1.0,0.0,0.004323648818740805,0.004323648818740805,1.3043202699150989,120,1428,1547,1,-1,coherent_switch_with_decoder_lag,coherent_switch
1428,1.0,64,16,0.45,0.06,1.0,120,4,0.9912016002423248,0.9913625255391287,1.0,0.0,0.00583975813443186,0.00583975813443186,1.2942247163036296,-0.9276729788796365,-0.927731163924051,0.9996527777777777,0.00034722222222222224,0.21773965909021686,0.9640781826173299,1.2937863160451621,-1.0066100267815825,-1.0065207858493521,1.0,0.0,0.004337939725364026,0.004337939725364026,1.3043277517343095,120,1428,1547,1,-1,coherent_switch_with_decoder_lag,coherent_switch
1428,1.0,64,16,0.45,0.06,1.0,120,5,0.9911216052843395,0.9911703991887099,1.0,0.0,0.005841551809183822,0.005841551809183822,1.2942119655682909,-0.9278027276510777,-0.9282294723971826,0.9996527777777777,0.00034722222222222224,0.21772947378651938,0.9640335234231748,1.2937424433784837,-1.0065642021504315,-1.0065440701628603,1.0,0.0,0.004273803079150764,0.004273803079150764,1.3042737775934305,120,1428,1547,1,-1,coherent_switch_with_decoder_lag,coherent_switch
1428,1.0,64,16,0.45,0.06,1.0,120,6,0.9912045286278598,0.9912855377614322,1.0,0.0,0.005834214215370349,0.005834214215370349,1.2942545904113583,-0.9277639250274399,-0.9275712805061357,0.9998263888888889,0.00017361111111111112,0.21771535197787387,0.9642250879614036,1.2938614928814978,-1.0066719900989831,-1.0068206530026764,1.0,0.0,0.004298096795798758,0.004298096795798758,1.3042847615480464,120,1428,1547,1,-1,coherent_switch_with_decoder_lag,coherent_switch
1428,1.0,64,16,0.45,0.06,1.0,120,7,0.9911473417688035,0.9911003498243319,1.0,0.0,0.00583915814119377,0.00583915814119377,1.2942622193302875,-0.9278680183874588,-0.9277290780905321,0.9998263888888889,0.00017361111111111112,0.21765738090686032,0.9642739521668836,1.293917511315134,-1.006660924237911,-1.0066125315503363,1.0,0.0,0.004350644532469482,0.004350644532469482,1.3043465381952932,120,1428,1547,1,-1,coherent_switch_with_decoder_lag,coherent_switch
1428,1.0,64,16,0.45,0.06,1.0,120,8,0.9911542242295949,0.9910882819099416,1.0,0.0,0.005848014785571533,0.005848014785571533,1.2942733255611154,-0.9279259959912319,-0.9281073133965909,0.9998263888888889,0.00017361111111111112,0.2177731053353422,0.9641995474135361,1.2937963447566925,-1.0066710574918798,-1.0066146304442074,1.0,0.0,0.004364123660259867,0.004364123660259867,1.3043559368364073,120,1428,1547,1,-1,coherent_switch_with_decoder_lag,coherent_switch
1428,1.0,64,16,0.45,0.06,1.0,120,9,0.9912069906267329,0.9913172583890257,1.0,0.0,0.0058257682348907165,0.0058257682348907165,1.2942459501905739,-0.9278443475434718,-0.9281256437190886,1.0,0.0,0.21775661111353545,0.964111483352902,1.2938066673225386,-1.0066208858207595,-1.0065809529305498,1.0,0.0,0.004324933685265821,0.004324933685265821,1.304317552295067,120,1428,1547,1,-1,coherent_switch_with_decoder_lag,coherent_switch
1428,1.0,64,16,0.45,0.06,1.0,120,10,0.9911458510322155,0.9910273715305293,1.0,0.0,0.00583720831451098,0.00583720831451098,1.2942862709965302,-0.9278804427435021,-0.9279519245293495,0.9998263888888889,0.00017361111111111112,0.2176181330318361,0.964208380269341,1.293835962728429,-1.0065898243359632,-1.00656306168724,1.0,0.0,0.004305742717856311,0.004305742717856311,1.3042927527454293,120,1428,1547,1,-1,coherent_switch_with_decoder_lag,coherent_switch
1428,1.0,64,16,0.45,0.06,1.0,120,11,0.9911683064966066,0.9912820353865109,1.0,0.0,0.005853915015964429,0.005853915015964429,1.294219594111328,-0.9277185153370571,-0.9273156297783954,0.9996527777777777,0.00034722222222222224,0.21765724077739187,0.9642691560257295,1.2938748860337757,-1.006655063095306,-1.0066352294632654,1.0,0.0,0.0043400300315384445,0.0043400300315384445,1.304332732783163,120,1428,1547,1,-1,coherent_switch_with_decoder_lag,coherent_switch
1428,1.0,64,16,0.45,0.06,1.0,120,12,0.9911097080179048,0.9910013044942058,1.0,0.0,0.005819577733616131,0.005819577733616131,1.2942592514449327,-0.9279031871089624,-0.9279159456694313,0.9998263888888889,0.00017361111111111112,0.2176741595059915,0.9642437172357726,1.2938832969838674,-1.0066031884597726,-1.0065356901340723,1.0,0.0,0.004324231511079516,0.004324231511079516,1.3043156969128473,120,1428,1547,1,-1,coherent_switch_with_decoder_lag,coherent_switch
1428,1.0,64,16,0.45,0.06,1.0,120,13,0.9911585999102642,0.9913029342881305,1.0,0.0,0.005833330910354471,0.005833330910354471,1.2942025729094186,-0.9280022953224457,-0.9278736411385119,0.9998263888888889,0.00017361111111111112,0.21760612906281807,0.9643576320350777,1.2939385530262313,-1.0066622885975463,-1.006674482121346,1.0,0.0,0.004344724610568696,0.004344724610568696,1.3043262198550751,120,1428,1547,1,-1,coherent_switch_with_decoder_lag,coherent_switch
1428,1.0,64,16,0.45,0.06,1.0,120,14,0.9911436976356246,0.9910417716554464,1.0,0.0,0.005855728192138555,0.005855728192138555,1.2942790775562185,-0.9279925763239308,-0.9282876144715744,0.9998263888888889,0.00017361111111111112,0.21770889420745249,0.964203022369991,1.2938646726009968,-1.0067110272612276,-1.006686108096828,1.0,0.0,0.004382511824610637,0.004382511824610637,1.3043708894273383,120,1428,1547,1,-1,coherent_switch_with_decoder_lag,coherent_switch
1428,1.0,64,16,0.45,0.06,1.0,120,15,0.9912058725763282,0.9911222029100301,1.0,0.0,0.00584224479263251,0.00584224479263251,1.2943131015578175,-0.9277274059862587,-0.9280288559951789,0.9998263888888889,0.00017361111111111112,0.2176717227334014,0.9640284174990571,1.2937999273227614,-1.0065903486632746,-1.0064924639320316,1.0,0.0,0.00432261205142438,0.00432261205142438,1.3043179862870633,120,1428,1547,1,-1,coherent_switch_with_decoder_lag,coherent_switch
1428,1.0,64,16,0.45,0.06,1.0,120,16,0.9912070039681129,0.99135134123962,1.0,0.0,0.005854694144640491,0.005854694144640491,1.2942340345342458,-0.927788023886488,-0.9277305975295365,1.0,0.0,0.217665574922265,0.9641934258622616,1.2938619957004756,-1.0066558740459903,-1.0066166132106422,1.0,0.0,0.004341466655011332,0.004341466655011332,1.3043400594222658,120,1428,1547,1,-1,coherent_switch_with_decoder_lag,coherent_switch
1428,1.0,64,16,0.45,0.06,1.0,120,17,0.9911636520838093,0.9910369664210895,1.0,0.0,0.005816794825798783,0.005816794825798783,1.2943007138364282,-0.9277713671551159,-0.9281035057165564,1.0,0.0,0.21769213733575252,0.9640462512654324,1.293746972904891,-1.006587793272435,-1.0066941019727185,1.0,0.0,0.004256982774495585,0.004256982774495585,1.3042448575819838,120,1428,1547,1,-1,coherent_switch_with_decoder_lag,coherent_switch
1428,1.0,64,16,0.45,0.06,1.0,120,18,0.9912025611135546,0.9912277639564988,1.0,0.0,0.005832768737164808,0.005832768737164808,1.2942728437287805,-0.9277125654110291,-0.9277524835491981,0.9998263888888889,0.00017361111111111112,0.21766341763611874,0.9641103072799209,1.2938378161524975,-1.0066303332640418,-1.0066655477623627,1.0,0.0,0.0043007013394322545,0.0043007013394322545,1.3042973915472151,120,1428,1547,1,-1,coherent_switch_with_decoder_lag,coherent_switch
1428,1.0,64,16,0.45,0.06,1.0,120,19,0.9911787953441752,0.9910404043917541,1.0,0.0,0.005820214347016785,0.005820214347016785,1.2943146538070611,-0.9277584401165062,-0.927881381654661,0.9996527777777777,0.00034722222222222224,0.21768188357310503,0.964111067648486,1.2937940283880556,-1.0066640344453255,-1.0065872104805784,1.0,0.0,0.0043614929160175646,0.0043614929160175646,1.3043585107771232,120,1428,1547,1,-1,coherent_switch_with_decoder_lag,coherent_switch
1428,1.0,64,16,0.45,0.06,1.0,120,20,0.9911351396273578,0.9912210648240811,1.0,0.0,0.005845828266190703,0.005845828266190703,1.2942077669389291,-0.9277615511818785,-0.9275509385830645,1.0,0.0,0.21760342774544097,0.9642298337889171,1.2938923673777143,-1.0066134087017717,-1.006542790425365,1.0,0.0,0.004325398317853049,0.004325398317853049,1.304323432052894,120,1428,1547,1,-1,coherent_switch_with_decoder_lag,coherent_switch
1428,1.0,64,16,0.45,0.06,1.0,120,21,0.9911207640838169,0.9912581567570418,1.0,0.0,0.0058526645356603985,0.0058526645356603985,1.294180409218852,-0.9276296647717722,-0.9279287837844129,0.9996527777777777,0.00034722222222222224,0.21765865845576865,0.9639657015583387,1.2937505958371582,-1.0065956783838532,-1.0066345398121612,1.0,0.0,0.004278303847099619,0.004278303847099619,1.304273589449597,120,1428,1547,1,-1,coherent_switch_with_decoder_lag,coherent_switch
1428,1.0,64,16,0.45,0.06,1.0,120,22,0.9912317657700342,0.9912901572178509,1.0,0.0,0.005839426052572232,0.005839426052572232,1.2942802107437867,-0.9276532173569976,-0.927465452822038,0.9991319444444444,0.0008680555555555555,0.2176862305725196,0.9641514199803954,1.2937833248004647,-1.0066942723424983,-1.0066208264180976,1.0,0.0,0.0043781301352956315,0.0043781301352956315,1.3043769830961645,120,1428,1547,1,-1,coherent_switch_with_decoder_lag,coherent_switch
1428,1.0,64,16,0.45,0.06,1.0,120,23,0.9912184618101096,0.9911393030262111,1.0,0.0,0.0058680909021013574,0.0058680909021013574,1.2943197057509357,-0.9280145050723253,-0.9280557810803836,0.9998263888888889,0.00017361111111111112,0.21771626547504105,0.9643060928053021,1.2939132330047025,-1.0066007792542482,-1.0066822518361833,1.0,0.0,0.004292545924618532,0.004292545924618532,1.304261991111584,120,1428,1547,1,-1,coherent_switch_with_decoder_lag,coherent_switch
1428,1.0,64,16,0.45,0.06,1.0,120,24,0.991170776466473,0.9913168099311119,1.0,0.0,0.005831292470963939,0.005831292470963939,1.2942098929905836,-0.9278844187230515,-0.9281016042972056,0.9994791666666667,0.0005208333333333333,0.21762203185198273,0.9641599683301407,1.2938297850372609,-1.006705469375311,-1.006714342218529,1.0,0.0,0.004362211255640295,0.004362211255640295,1.304355449598826,120,1428,1547,1,-1,coherent_switch_with_decoder_lag,coherent_switch
1428,1.0,64,16,0.45,0.06,1.0,120,25,0.9911576236230837,0.9909986183002977,1.0,0.0,0.0058215476479471714,0.0058215476479471714,1.2943081072179794,-0.9276049932561804,-0.9277476130976364,0.9994791666666667,0.0005208333333333333,0.21777616257731774,0.964004439783119,1.2937840631152535,-1.0067066175663497,-1.0067748598710684,1.0,0.0,0.004337688303835101,0.004337688303835101,1.3043354166114758,120,1428,1547,1,-1,coherent_switch_with_decoder_lag,coherent_switch
1428,1.0,64,16,0.45,0.06,1.0,120,26,0.9912485366003826,0.9911887554534652,1.0,0.0,0.005839133102874632,0.005839133102874632,1.29433247219167,-0.9279851154332212,-0.9279181505203089,0.9998263888888889,0.00017361111111111112,0.21768532838259658,0.9643248738622241,1.2938856308275732,-1.006597119593111,-1.0065072376576496,1.0,0.0,0.00432819086349784,0.00432819086349784,1.3043195864129333,120,1428,1547,1,-1,coherent_switch_with_decoder_lag,coherent_switch
1428,1.0,64,16,0.45,0.06,1.0,120,27,0.9911572358022861,0.991114010366166,1.0,0.0,0.005814241438498397,0.005814241438498397,1.294267332174128,-0.9278266681842671,-0.9283358156725678,0.9996527777777777,0.00034722222222222224,0.2176560761079916,0.9640202438099796,1.2937289759166788,-1.0066198663975252,-1.0067966267061834,1.0,0.0,0.004245634939934957,0.004245634939934957,1.304241047050361,120,1428,1547,1,-1,coherent_switch_with_decoder_lag,coherent_switch
1428,1.0,64,16,0.45,0.06,1.0,120,28,0.9911057514614018,0.9911114961596159,1.0,0.0,0.00583812021930878,0.00583812021930878,1.2942167278055363,-0.9280434732875,-0.9277897400410631,0.9998263888888889,0.00017361111111111112,0.21764149446726924,0.9644281753842392,1.2939956622437874,-1.006653399163001,-1.0067665882765995,1.0,0.0,0.004293957940240027,0.004293957940240027,1.3042850932661911,120,1428,1547,1,-1,coherent_switch_with_decoder_lag,coherent_switch
1428,1.0,64,16,0.45,0.06,1.0,120,29,0.991078859737995,0.9911670893994462,1.0,0.0,0.005856627278154677,0.005856627278154677,1.2941703784481893,-0.9278872111338707,-0.9281483108986508,0.9998263888888889,0.00017361111111111112,0.21765979539179053,0.964146413430454,1.2938203357318387,-1.0066215483360152,-1.006531085370915,1.0,0.0,0.004354680184470963,0.004354680184470963,1.304335668456195,120,1428,1547,1,-1,coherent_switch_with_decoder_lag,coherent_switch
1428,1.0,64,16,0.45,0.06,1.0,120,30,0.9911625625262623,0.9912484720852356,1.0,0.0,0.005864778131658838,0.005864778131658838,1.2942255972964298,-0.9279479184261618,-0.9275499519552882,0.9998263888888889,0.00017361111111111112,0.21768115475497984,0.964416546352922,1.293973369649575,-1.006655901954161,-1.0065790499930691,1.0,0.0,0.004354562554420804,0.004354562554420804,1.304353234456587,120,1428,1547,1,-1,coherent_switch_with_decoder_lag,coherent_switch
1442,1.0,64,16,0.2,0.09,0.45,120,1,0.9664967471413395,0.9235602683559039,0.9695652173913043,0.030434782608695653,0.006842141760872856,0.006842141760872856,1.2932506532167731,-0.06344286837416471,-1.4154651505184734,0.125,0.875,0.9779721132004562,0.40598128665844957,0.3220278867995438,0.042095843679340744,-1.170127994411895,0.125,0.875,0.4759288047795275,0.9211879343080481,0.8240711952204727,240,1442,1823,1,-1,fragmented_switch,fragmented_switch
1442,1.0,64,16,0.2,0.09,0.45,120,2,0.9665208623786001,0.9233656075818522,0.9695652173913043,0.030434782608695653,0.006854669896970387,0.006854669896970387,1.2933428997249514,-0.06340531436294292,-1.4154807496423878,0.125,0.875,0.9779281837006994,0.4059421857201936,0.32207181629930054,0.04199225036514331,-1.1702929799601325,0.125,0.875,0.47590360252440933,0.921147677727924,0.8240963974755906,240,1442,1823,1,-1,fragmented_switch,fragmented_switch
1442,1.0,64,16,0.2,0.09,0.45,120,3,0.96649787729405,0.9233259254199769,0.9695652173913043,0.030434782608695653,0.006830299101386018,0.006830299101386018,1.2933338033970583,-0.06342820260732669,-1.4155255163214704,0.125,0.875,0.977872734598576,0.4059922462436087,0.32212726540142395,0.041966536499466515,-1.1701023889933266,0.125,0.875,0.4760669190865448,0.9211628831524497,0.8239330809134553,240,1442,1823,1,-1,fragmented_switch,fragmented_switch
1442,1.0,64,16,0.2,0.09,0.45,120,4,0.9665785247674149,0.923802889455132,0.9695652173913043,0.030434782608695653,0.006843776077517169,0.006843776077517169,1.2932475134581187,-0.0634162487216395,-1.4154053561975135,0.125,0.875,0.9779060147816961,0.405882673017368,0.3220939852183038,0.0420262099133124,-1.1699394015706117,0.125,0.875,0.47607736259196076,0.9210643360176309,0.8239226374080393,240,1442,1823,1,-1,fragmented_switch,fragmented_switch
1442,1.0,64,16,0.2,0.09,0.45,120,5,0.9664453734684775,0.9233830160478275,0.9695652173913043,0.030434782608695653,0.006822207199048664,0.006822207199048664,1.293261317851738,-0.06346875414613942,-1.4155714711224268,0.125,0.875,0.9778607039030673,0.4059381695806664,0.3221392960969326,0.042031451877857874,-1.1700573538544063,0.125,0.875,0.47592217509816814,0.9211704465224825,0.8240778249018319,240,1442,1823,1,-1,fragmented_switch,fragmented_switch
1442,1.0,64,16,0.2,0.09,0.45,120,6,0.966594999906258,0.9237877333266443,0.9695652173913043,0.030434782608695653,0.006871460150064941,0.006871460150064941,1.2932692932419323,-0.06350792157315313,-1.4153674081441383,0.125,0.875,0.9778497736288901,0.4060080955152401,0.32215022637110996,0.041999736819080376,-1.1701622031421552,0.125,0.875,0.47592951166553193,0.9211214808480572,0.824070488334468,240,1442,1823,1,-1,fragmented_switch,fragmented_switch
1442,1.0,64,16,0.2,0.09,0.45,120,7,0.9665003068304518,0.9234565430808326,0.9695652173913043,0.030434782608695653,0.00684634664846661,0.00684634664846661,1.2932905167521604,-0.06342718419580848,-1.415429514500409,0.125,0.875,0.9779821464618712,0.4059530688931732,0.3220178535381288,0.042018594549971616,-1.1699730030073372,0.125,0.875,0.4760013963983609,0.9210447016737926,0.823998603601639,240,1442,1823,1,-1,fragmented_switch,fragmented_switch
1442,1.0,64,16,0.2,0.09,0.45,120,8,0.9664560116701765,0.9232733808973187,0.9695652173913043,0.030434782608695653,0.0068856112289734156,0.0068856112289734156,1.2933103283561151,-0.06350483830517811,-1.415509699820694,0.125,0.875,0.9778313006562979,0.4060355334931571,0.3221686993437022,0.04192446922621564,-1.1700095364384773,0.125,0.875,0.47595877321554997,0.9210350022114789,0.8240412267844501,240,1442,1823,1,-1,fragmented_switch,fragmented_switch
1442,1.0,64,16,0.2,0.09,0.45,120,9,0.966568618113427,0.9236428891601173,0.9695652173913043,0.030434782608695653,0.006827689651376232,0.006827689651376232,1.293293606907386,-0.06361331701713638,-1.4155947808812035,0.125,0.875,0.977768384915761,0.4059172112027594,0.32223161508423903,0.04204619522846305,-1.1699880368477629,0.125,0.875,0.47600648031431964,0.9211522565042706,0.8239935196856804,240,1442,1823,1,-1,fragmented_switch,fragmented_switch
1442,1.0,64,16,0.2,0.09,0.45,120,10,0.96649628704344,0.9232888333415328,0.9695652173913043,0.030434782608695653,0.006856956039305423,0.006856956039305423,1.2933451953739035,-0.06332778364672681,-1.415453734078992,0.125,0.875,0.9780762139478713,0.4059322775126402,0.32192378605212874,0.04209641763046023,-1.1700248713389951,0.125,0.875,0.4759582892104901,0.9211651992750866,0.82404171078951,240,1442,1823,1,-1,fragmented_switch,fragmented_switch
1442,1.0,64,16,0.2,0.09,0.45,120,11,0.9665471724562354,0.923763848406442,0.9695652173913043,0.030434782608695653,0.006893964780252811,0.006893964780252811,1.2932298255139807,-0.06335541575533449,-1.4152386493318427,0.125,0.875,0.9780133241370139,0.4059219951488815,0.3219866758629861,0.04198751081088342,-1.1700581199660913,0.125,0.875,0.4759817473302787,0.9210816291584168,0.8240182526697215,240,1442,1823,1,-1,fragmented_switch,fragmented_switch
1442,1.0,64,16,0.2,0.09,0.45,120,12,0.9664529225880959,0.9232656248570454,0.9695652173913043,0.030434782608695653,0.006814495717167463,0.006814495717167463,1.2933099538881296,-0.06349905885827717,-1.4154619349644397,0.125,0.875,0.9778528197071568,0.4058612224572258,0.3221471802928434,0.042088918844383004,-1.1699443900067363,0.125,0.875,0.4758899514550457,0.9211499812485654,0.8241100485449542,240,1442,1823,1,-1,fragmented_switch,fragmented_switch
1442,1.0,64,16,0.2,0.09,0.45,120,13,0.9665173534818607,0.9237783864546116,0.9695652173913043,0.030434782608695653,0.006855301069179106,0.006855301069179106,1.2931949182227467,-0.06339841593458173,-1.4153928953685262,0.125,0.875,0.9779911626064112,0.40599696369721017,0.3220088373935888,0.04198423249627777,-1.170095253773124,0.125,0.875,0.4758859092557058,0.9210825439513962,0.8241140907442943,240,1442,1823,1,-1,fragmented_switch,fragmented_switch
1442,1.0,64,16,0.2,0.09,0.45,120,14,0.9664459373721958,0.9231888270775199,0.9695652173913043,0.030434782608695653,0.006874643059703964,0.006874643059703964,1.2933298478950637,-0.06355053697528892,-1.4156327622532914,0.125,0.875,0.9778390073283063,0.40590790368199087,0.32216099267169385,0.041905728697052426,-1.170191193600909,0.125,0.875,0.4758862853940385,0.9210161704925257,0.8241137146059616,240,1442,1823,1,-1,fragmented_switch,fragmented_switch
1442,1.0,64,16,0.2,0.09,0.45,120,15,0.9665860989721594,0.9234029741265157,0.9695652173913043,0.030434782608695653,0.00683310597583786,0.00683310597583786,1.2933950580278786,-0.06344483234407809,-1.4154197408513078,0.125,0.875,0.9778942919127104,0.4058636749071388,0.32210570808728967,0.04206522127499906,-1.169928373115622,0.125,0.875,0.475913120144535,0.9211144276954912,0.824086879855465,240,1442,1823,1,-1,fragmented_switch,fragmented_switch
1442,1.0,64,16,0.2,0.09,0.45,120,16,0.9666012277359605,0.9237862638402712,0.9695652173913043,0.030434782608695653,0.006866433985005143,0.006866433985005143,1.2932760353918653,-0.06341552293279776,-1.4154658130396969,0.125,0.875,0.9779188014818967,0.4058809203671157,0.32208119851810335,0.04200280223910234,-1.1700482817538804,0.125,0.875,0.47585194111921625,0.9210890677466682,0.8241480588807838,240,1442,1823,1,-1,fragmented_switch,fragmented_switch
1442,1.0,64,16,0.2,0.09,0.45,120,17,0.9665353867982505,0.9232954377178553,0.9695652173913043,0.030434782608695653,0.006807303407111411,0.006807303407111411,1.293381983597001,-0.06338474103735971,-1.4155593239086126,0.125,0.875,0.9779926706404138,0.4059339562200061,0.32200732935958615,0.042159520250436094,-1.1700983489505468,0.125,0.875,0.4758800733783673,0.9212826301624247,0.8241199266216327,240,1442,1823,1,-1,fragmented_switch,fragmented_switch
1442,1.0,64,16,0.2,0.09,0.45,120,18,0.966569169480462,0.9235431427619393,0.9695652173913043,0.030434782608695653,0.006802805703864126,0.006802805703864126,1.2933290695137833,-0.06343407563431001,-1.4154597162868978,0.125,0.875,0.9779231261116029,0.40590757938295136,0.3220768738883971,0.04197557154266053,-1.1700495253022973,0.125,0.875,0.47595490808641283,0.9210816264661009,0.8240450919135873,240,1442,1823,1,-1,fragmented_switch,fragmented_switch
1442,1.0,64,16,0.2,0.09,0.45,120,19,0.9665399387978824,0.9233106756143974,0.9695652173913043,0.030434782608695653,0.0068318278314663085,0.0068318278314663085,1.2933812023328435,-0.06335022925949034,-1.415442383067136,0.125,0.875,0.9779916386665805,0.4058774640338626,0.3220083613334196,0.04201834272858351,-1.1700254787979834,0.125,0.875,0.47598473741296266,0.921123523191196,0.8240152625870374,240,1442,1823,1,-1,fragmented_switch,fragmented_switch
1442,1.0,64,16,0.2,0.09,0.45,120,20,0.9664870712991481,0.9236256247737861,0.9695652173913043,0.030434782608695653,0.006853494797313385,0.006853494797313385,1.2932181026283234,-0.06336687730885363,-1.4154115599705224,0.125,0.875,0.9780262060357744,0.4058924074331617,0.32197379396422554,0.042018252844819255,-1.1699372050899561,0.125,0.875,0.4759525851917401,0.921119464998281,0.8240474148082598,240,1442,1823,1,-1,fragmented_switch,fragmented_switch
1442,1.0,64,16,0.2,0.09,0.45,120,21,0.9664371716885978,0.923504617319205,0.9695652173913043,0.030434782608695653,0.006842110405342402,0.006842110405342402,1.293210555626876,-0.06338050005921536,-1.4154783356542333,0.125,0.875,0.9779218822719828,0.40590532137215185,0.32207811772801725,0.042106033585421254,-1.170075463305303,0.125,0.875,0.4758921099060751,0.9212318752133527,0.8241078900939249,240,1442,1823,1,-1,fragmented_switch,fragmented_switch
1442,1.0,64,16,0.2,0.09,0.45,120,22,0.9666667453866565,0.9238416725052362,0.9695652173913043,0.030434782608695653,0.0068642615198553185,0.0068642615198553185,1.293322160009824,-0.0633312107182433,-1.4153253205810858,0.125,0.875,0.977986765345941,0.40584669604707607,0.3220132346540592,0.04198490518417204,-1.1698972198040114,0.125,0.875,0.4759593441285822,0.9210457490560726,0.8240406558714178,240,1442,1823,1,-1,fragmented_switch,fragmented_switch
1442,1.0,64,16,0.2,0.09,0.45,120,23,0.9666018800974208,0.9235568228187031,0.9695652173913043,0.030434782608695653,0.006903276804946196,0.006903276804946196,1.2933569921108745,-0.06365212379127778,-1.4155684071816517,0.125,0.875,0.9777770461741065,0.40608194526087893,0.3222229538258935,0.042113514996150604,-1.170058393289606,0.125,0.875,0.475897721105685,0.9210778168413376,0.824102278894315,240,1442,1823,1,-1,fragmented_switch,fragmented_switch
1442,1.0,64,16,0.2,0.09,0.45,120,24,0.966503917844664,0.9236370832759864,0.9695652173913043,0.030434782608695653,0.006825450721936592,0.006825450721936592,1.2932309386980687,-0.06344414147361807,-1.4156075821561833,0.125,0.875,0.9779584029948353,0.40595872412304473,0.3220415970051648,0.041928582319063094,-1.1701016840841072,0.125,0.875,0.4759502184764405,0.9210626977494087,0.8240497815235597,240,1442,1823,1,-1,fragmented_switch,fragmented_switch
1442,1.0,64,16,0.2,0.09,0.45,120,25,0.966533157732587,0.9232249866607795,0.9695652173913043,0.030434782608695653,0.006808311850648913,0.006808311850648913,1.2934044124013142,-0.06352946838845912,-1.415393838356737,0.125,0.875,0.9777230557649214,0.40600012845266725,0.32227694423507847,0.041881083177449284,-1.1703060608840241,0.125,0.875,0.47585819777541494,0.9210746204865691,0.824141802224585,240,1442,1823,1,-1,fragmented_switch,fragmented_switch
1442,1.0,64,16,0.2,0.09,0.45,120,26,0.9666151329764626,0.9235201935311006,0.9695652173913043,0.030434782608695653,0.006879754981688126,0.006879754981688126,1.2933830652405773,-0.06340628560911608,-1.4155188952386282,0.125,0.875,0.9780023722410459,0.4059629188624324,0.3219976277589542,0.04211317747603227,-1.169903858170046,0.125,0.875,0.4758989735061664,0.9211406393778757,0.8241010264938339,240,1442,1823,1,-1,fragmented_switch,fragmented_switch
1442,1.0,64,16,0.2,0.09,0.45,120,27,0.9665288923367316,0.9234289159955532,0.9695652173913043,0.030434782608695653,0.00679698660118153,0.00679698660118153,1.293328771738288,-0.06335803292019827,-1.4156057906494415,0.125,0.875,0.9780413738281352,0.40586993694026746,0.321958626171865,0.042102458003267416,-1.1701955734483642,0.125,0.875,0.47594381095719485,0.9213020400852274,0.8240561890428051,240,1442,1823,1,-1,fragmented_switch,fragmented_switch
1442,1.0,64,16,0.2,0.09,0.45,120,28,0.9664549836247952,0.9235252781059892,0.9695652173913043,0.030434782608695653,0.006871462798397541,0.006871462798397541,1.2932211362876986,-0.06356094444523142,-1.4154857840121926,0.125,0.875,0.9778995459505264,0.4059821173018558,0.3221004540494735,0.04203949315843662,-1.1702015918223678,0.125,0.875,0.475950262759984,0.9211425523042915,0.8240497372400162,240,1442,1823,1,-1,fragmented_switch,fragmented_switch
1442,1.0,64,16,0.2,0.09,0.45,120,29,0.9664046127245679,0.9234268822805427,0.9695652173913043,0.030434782608695653,0.0068358647721032855,0.0068358647721032855,1.293205203926378,-0.06339949503243651,-1.415513896691404,0.125,0.875,0.9779553043398033,0.40588080268482746,0.3220446956601966,0.04202041686006515,-1.1699716316210556,0.125,0.875,0.4759058477833428,0.9210240929303839,0.8240941522166574,240,1442,1823,1,-1,fragmented_switch,fragmented_switch
1442,1.0,64,16,0.2,0.09,0.45,120,30,0.966521166154467,0.9237263947066368,0.9695652173913043,0.030434782608695653,0.006930928006730656,0.006930928006730656,1.2932169280071444,-0.06353677712925145,-1.415375289354474,0.125,0.875,0.9778304527027271,0.40615123336524417,0.32216954729727293,0.042002578042984344,-1.1698717564135308,0.125,0.875,0.47607004195565267,0.9211420150339381,0.8239299580443473,240,1442,1823,1,-1,fragmented_switch,fragmented_switch
